{"door": 0.9907894730567932, "book": 0.00886441208422184, "hat": 0.00016442450578324497, "anvil": 9.777308150660247e-05, "rake": 8.267183875432238e-05, "lollipop": 1.2830158766519162e-06}